FilmId,Name,Genre,Year,Overview,Poster
tt16283264,The most popular things in the world to do:,Drama,2021,"Based on a found handwritten document listing 28 activities, 'The most popular things in the world to do:' is a meditative study of the 'outsider' character in cinema. Strictly adhering to the original structure of the list, we ob...",https://m.media-amazon.com/images/M/MV5BOTM0M2NjMGUtYTAxZi00M2U2LWI3MjMtNTFjOGFiMzllYWI3XkEyXkFqcGdeQXVyMjUwMjQ5NjE@._V1_SX300.jpg
tt11773814,Popular,Drama,2020,A middle-aged housewife tries to start a new life after her divorce,https://m.media-amazon.com/images/M/MV5BYzY0YmVlMWEtNGUxZi00NzcxLWJkOGMtOWRlNmU2YzkyMWM3XkEyXkFqcGdeQXVyMzAyNTM2MDA@._V1_SX300.jpg
tt11534856,What Is Jeopardy!?: Alex Trebek and America's Most Popular Quiz Show,Documentary,2020,"Michael Strahan sits down with Alex Trebek in a candid interview. Trebek talks about his life, his cancer battle and the upcoming ""Jeopardy!"" episode where the show's greatest competitors face off.",https://m.media-amazon.com/images/M/MV5BZTdlN2NkOWYtODUwMS00OGZhLWFlOWYtM2I3OGM5YmMyZmM5XkEyXkFqcGdeQXVyMzkyOTQ0NzY@._V1_SX300.jpg
tt12089664,Popular by Dat Kid Maddy,"Short, Music",2020,N/A,N/A
tt12502172,Garth Brooks: The Library of Congress Gershwin Prize for Popular Song,Music,2020,N/A,https://m.media-amazon.com/images/M/MV5BMTY1MGEzZjctNzUxNy00MDMwLTkzZmUtOWUxYzJlZjRhNDc5XkEyXkFqcGdeQXVyNzYyNDgxMg@@._V1_SX300.jpg
tt13161950,"Rumors: The Story of a Popular B*tch, Post-Mortem","Short, Drama",2020,"Libby, a formerly home-schooled teenager, finds herself woven into a rumor that drives her to a take extreme measures. She finds an unlikely ally that shares a similar history.",https://m.media-amazon.com/images/M/MV5BYzJhNGNlNmQtMTY3ZS00YmY0LWIyNDAtODhjYzIxOWM0OTExXkEyXkFqcGdeQXVyMTA0NTMxMDk3._V1_SX300.jpg
tt15745002,Popular Girl Who Has A Concussion,"Short, Comedy",2020,N/A,N/A
tt10197984,Emilio and Gloria Estefan: The Library of Congress Gershwin Prize for Popular Song,Music,2019,Emilio and Gloria Estefan receive the Library of Congress Gershwin Prize for Popular Song -- the first married couple or musicians-songwriters of Hispanic descent to receive the honor.,N/A
tt11212494,Little Red Car - Popular Songs,Animation,2019,Watch this whole bunch of popular songs by the Little Red Car for kids. Hope you enjoy them.,https://m.media-amazon.com/images/M/MV5BZTAyNDc2ZTEtMDJjNS00YmJhLWFlNWYtZDYyYzE0YTkxMGFkXkEyXkFqcGdeQXVyMzYyMDAzNDU@._V1_SX300.jpg
tt11908656,Popular Boy,"Short, Comedy",2019,A teenager who has no luck in love invokes an unusual Cupid asking him to make him irresistible.,https://m.media-amazon.com/images/M/MV5BNmU0ZDM2OGItMTE3Yi00MWU3LWIyNjUtYTI3ODEyNGMwYTViXkEyXkFqcGdeQXVyMjY2MDAzOTg@._V1_SX300.jpg
tt11976162,Colonia Popular Madrileña,Short,2019,"Based on interviews with 4 different characters, Colonia Popular Madrileña, talks about the underworld of heroin addiction and violence that took place on the suburbs of Madrid during the 1980s.",https://m.media-amazon.com/images/M/MV5BN2IwOGQxZWMtYTlhMC00ZDAwLWFmZjUtNjkyZTFmMjdkMDAyXkEyXkFqcGdeQXVyMTE0MTQ2ODE4._V1_SX300.jpg
tt27669473,Destroying the 7 Most Popular Pro-Abortion Arguments,Short,2019,Is it okay to abort a baby? What would you say? People give many reasons why abortion is an acceptable choice. Seeing those who are ardently pro-choice change their minds in moments is both compelling and convincing.,N/A
tt32507269,Emilio and Gloria Estefan: The Library of Congress Gershwin Prize... Popular Song,N/A,2019,N/A,N/A
tt7587232,Dollhouse: The Eradication of Female Subjectivity from American Popular Culture,"Animation, Comedy, Music",2018,"The disturbingly entertaining feature debut of director Nicole Brending, DOLLHOUSE: THE ERADICATION OF FEMALE SUBJECTIVITY FROM AMERICAN POPULAR CULTURE charts the rise and fall of fictional child pop star Junie Spoons as her life...",https://m.media-amazon.com/images/M/MV5BMjQxODcwNjkzNl5BMl5BanBnXkFtZTgwNTYxOTUyNzM@._V1_SX300.jpg
tt7862510,Tony Bennett: The Library of Congress Gershwin Prize for Popular Song,Music,2018,"Hosted by Bruce Willis with musical direction by Gregg Field, this all-star tribute to Tony Bennett, the 2017 recipient of the Library of Congress Gershwin Prize for Popular Song, features performances by Tony Bennett, Chris Botti...",https://m.media-amazon.com/images/M/MV5BOGRkNGU0N2EtOTU3Ni00ZTVjLWI3YTItZjNjMjlhYTM3MGYyXkEyXkFqcGdeQXVyMTYzMTY1MjQ@._V1_SX300.jpg
tt8736980,More Popular Than Jesus,"Short, Comedy",2018,"The Beatles are in their golden years, but they don't listen to their manager and this is going to be a very bad problem.",https://m.media-amazon.com/images/M/MV5BMzg2YzI5NjYtZGEzOS00NzA0LWE1YWUtZmY1ZDc3OWQzZTA0XkEyXkFqcGdeQXVyODQ0Njc0MDY@._V1_SX300.jpg
tt10727144,Russia Rips Off Popular YouTubers,Short,2018,N/A,https://m.media-amazon.com/images/M/MV5BZmFlMTMxM2UtMjQ0OC00MjFmLWE2ZmUtZmVkYjg0ZDYzNThmXkEyXkFqcGdeQXVyODQxMjczNTQ@._V1_SX300.jpg
tt12775450,The Macaw Kingdom: Popular Science Edition,Documentary,2018,"In February, 2016 the nine members of an international scientific expedition finally got on board of an Amazonian motorized canoe. It took 4 days for them to reach the location. After setting up their base camp in the rainforest, res",https://m.media-amazon.com/images/M/MV5BMzEyZWZhZjAtZGNlMi00YmQzLWE2ODgtY2Q1Nzg2NWZhNzU2XkEyXkFqcGdeQXVyMTI1NDMwNjY@._V1_SX300.jpg
tt7983148,Tony Bennett: The Library of Congress Gershwin Prize for Popular Song,Music,2018,N/A,N/A
tt8860924,"How To Get Popular On YouTube, Fast","Short, Comedy",2018,An aspiring YouTube star attempts to become successful overnight by changing her image to match what's popular.,N/A
tt9339812,Biblioteca Popular,"Short, Crime",2018,N/A,https://m.media-amazon.com/images/M/MV5BNDNiOTllZTgtMTk4Mi00OTA3LTg4NjUtMGZkYzQ1YjFhZDk3XkEyXkFqcGdeQXVyNjA4OTY1NDA@._V1_SX300.jpg
tt10706604,Popular Belief: Faith and Power of Credulity,"Documentary, Short, Crime",2018,"Billionaires and Bar Mitzvah kids alike trusted Rabbi Youlus to find lost Torah scrolls in concentration camps, monasteries, and museums around Europe. When his operations are exposed as a ...",https://m.media-amazon.com/images/M/MV5BMWM0MzZmNGItM2QwZC00OTA2LTk5MGMtMThkNWU3YTI4MzNjXkEyXkFqcGdeQXVyOTU1NzE2Njk@._V1_SX300.jpg
tt6019844,Mister Popular,"Short, Comedy, Horror",2017,"Not satisfied with simply stalking the coolest kid at school, outcast Ben devises a twisted plan to claim the position for himself.",https://m.media-amazon.com/images/M/MV5BYjkxMTVjMDMtZmI1My00ZDUxLTkyMTQtYjhiODY1NTg5NTYxL2ltYWdlL2ltYWdlXkEyXkFqcGdeQXVyNjI1NTM5MDk@._V1_SX300.jpg
tt6710906,Popular Pete,"Short, Drama",2017,Peter gets more than he bargained for when long time friend Jennifer invites him to drink at his first college party.,https://m.media-amazon.com/images/M/MV5BM2NiMTRhZDctZDAzMC00OTNlLTg5NTAtMDliNWFkNmZlNjk5XkEyXkFqcGdeQXVyNjYxMDI3Mzc@._V1_SX300.jpg
tt6846838,"7 Popular Monsters, Creatures, Entities and Their Origins",N/A,2017,"The truth behind the myths, the real origins of the Werewolves, Vampires, Zombies,Ghosts, Mermaids, Ghosts and the origins behind Bigfoot.",https://m.media-amazon.com/images/M/MV5BODM0YWJlYTYtMjhmMC00MjE4LThiY2MtMmQzZmQ4NWZjNWFhXkEyXkFqcGdeQXVyODAwNTYyMQ@@._V1_SX300.jpg
tt7029544,In Our Country Cinema Is the Most Popular & Most Corrupt Art Form,"Documentary, Drama",2017,"This film is about the most popular &amp; mass consumed art form - Cinema. Presently, in our country cinema is far away from truth and reality...If art is the mirror of the society...then what sort of truth our people are sharing thro...",https://m.media-amazon.com/images/M/MV5BOTE1MDIyYzYtNmUyZS00MTI1LTk3MGYtYWE3MWI2NDlkNDliXkEyXkFqcGdeQXVyMjI5MTUyMjI@._V1_SX300.jpg
tt7071238,#Popular,"Short, Drama",2017,#POPULAR explores the impact of our society's obsession with popularity on the life (and death) of a man with Bipolar Disorder.,N/A
tt7435104,Current Popular News Story,Short,2017,A reporter and her despotic cameraman secure the interview of their career in a bathroom.,https://m.media-amazon.com/images/M/MV5BN2RiMjY2NTktMWI1MS00NzNiLWExMDktOGNlYzVlMTU2Mjk3XkEyXkFqcGdeQXVyMjIyMjc1MDI@._V1_SX300.jpg
tt15767298,Sodapoppin Most Popular Clips,Reality-TV,2017,Here are Soda's most viewed clips of the month.,N/A
tt32507909,Smokey Robinson: The Library of Congress Gershwin Prize for Popular Song,N/A,2017,N/A,N/A
tt5345014,K-Popular,"Comedy, Drama, Music",2017,"When a desperate outta-sync boy band fails to register a hit state side, to get n-sync, they devise an outlandish plan to travel abroad to Seoul, Korea and reinvent themselves into a mega K-pop group.",N/A
